wavelength_um,flux,flux_err
0.85,0.00295,0.00015
1.00,0.00298,0.00014
1.50,0.00302,0.00012
2.00,0.00299,0.00013
2.50,0.00305,0.00012
3.00,0.00308,0.00013
4.00,0.00307,0.00014
5.00,0.00306,0.00015
